ordner,datei,creator,aufrufe,likes,datum,aufloesung,sekunden,url,beschreibung
anwendung-ugc,tiktok__erinragancooper__7674005532201471262.mp4,@erinragancooper,2500000,4395,2026-08-14,1080x1920,56,https://www.tiktok.com/@erinragancooper/video/7674005532201471262,"As a Physical Therapist, I see side sleepers ruin their spine alignment every night simply because their knee pillow slipped out! 😴 Lumbar and hip support only work if the pillow actually stays where it’s supposed to. The built-in strap on this one is an absolute game changer if you toss and turn. Fix your sleeping posture and grab yours #sidesleeper #sidesleeperpillow #kneepillow #sleepposture #sleepingposition "
anwendung-ugc,tiktok__yelissah__7430238374755077418.mp4,@yelissah,598000,5122,2024-10-26,1080x1920,53,https://www.tiktok.com/@yelissah/video/7430238374755077418,"#Nue #pillow , #leg #alignment #pillow | #ergonomic #side #sleeping #pillows | #memory #Foam #knee #pillow #with #strap #for #side #sleeper | #leg #support #cushion #with #removable #and #washable #cover "
anwendung-ugc,tiktok__sleep.cult__7672082597450730774.mp4,@sleep.cult,500800,390,2026-08-09,1080x1920,42,https://www.tiktok.com/@sleep.cult/video/7672082597450730774,"If you sleep on your side, this memory foam knee pillow helps keep your hips and legs better aligned for a more comfortable night’s sleep. 😴 #DealsForYou #TiktokMadeMeBuyIt #ForYouDaySale #DealDrops #kneepillow "
anwendung-ugc,tiktok__ginakrustykrab__7646390030948207903.mp4,@ginakrustykrab,350800,377,2026-06-01,1080x1920,31,https://www.tiktok.com/@ginakrustykrab/video/7646390030948207903,Who else wakes up with back pain from side sleeping? This helps so much🤌 #SideSleeperProblems #KneePillow #BackPainRelief #sleephacks 
anwendung-ugc,tiktok__nuewell_store__7681515357051407634.mp4,@nuewell_store,293700,1117,2026-09-04,720x1280,8,https://www.tiktok.com/@nuewell_store/video/7681515357051407634,Waking up with sore knees or an uncomfortable back? 😩 Your sleeping position might be the problem. 🛏️ Keep your legs aligned while you sleep with our Knee Pillow. Better support. Better comfort. Better sleep. 😴✨ 👉 Shop now through the link in bio. #kneepillow   #sidesleeper  #sleepbetter   #sleepcomfort  #wellness 
anwendung-ugc,tiktok__regularjoey0__7672324881148546326.mp4,@regularjoey0,255900,182,2026-08-10,1080x1920,34,https://www.tiktok.com/@regularjoey0/video/7672324881148546326,Perfect for side sleepers 🙌 This memory foam leg pillow fits comfortably between your knees to help support better sleeping alignment and take pressure off your hips and legs 💤 #DealsForYou #TiktokMadeMeBuyIt #ForYouDaySale #DealDrops #SideSleeper
anwendung-ugc,tiktok__mammagonz__7681792017768254734.mp4,@mammagonz,57100,127,2026-09-04,1080x1920,32,https://www.tiktok.com/@mammagonz/video/7681792017768254734,Most convinient knee pillow #backpain #kneepillow #hipsupport #legpillow #painrelief 
anwendung-ugc,tiktok__frankiekrustykrab__7646384060654210335.mp4,@frankiekrustykrab,34100,17,2026-06-01,1080x1920,31,https://www.tiktok.com/@frankiekrustykrab/video/7646384060654210335,Who else wakes up with back pain from side sleeping? This helps so much🤌 #SideSleeperProblems #KneePillow #BackPainRelief #SleepHacks 
anwendung-ugc,tiktok__famous.food.finds__7510055738673220895.mp4,@famous.food.finds,14700,49,2025-05-30,1080x1920,29,https://www.tiktok.com/@famous.food.finds/video/7510055738673220895,"Replying to @✰  If you are a side sleeper that has hip and back pain, this pillow is perfect for you. #sidesleeper #sidesleeperpillow  #kneepillow  #hippain #backpainrelief #tiktokshopcreatorpicks  #sleeppillow "
anwendung-ugc,tiktok__ginakrustykrab__7649718269284306207.mp4,@ginakrustykrab,3719,2,2026-06-10,1080x1920,36,https://www.tiktok.com/@ginakrustykrab/video/7649718269284306207,Don’t buy this knee pillow unless you sleep on your side and hate hip pain 🤯 #SideSleeperMustHave #KneePillow #HipPainRelief #SleepHacks #DealsForYouDays
anwendung-ugc,tiktok__arurasborealis__7689915157606092062.mp4,@arurasborealis,2049,17,2026-09-26,720x1280,154,https://www.tiktok.com/@arurasborealis/video/7689915157606092062,This product seriously did work for me! I was using a regular pillow and still having hip pain! I couldn’t figure out why until I tried this pillow after some research! Give it a try! #pillow #kneepillow #hips #hippain #sidesleeper 
anwendung-ugc,tiktok__aspectuk__7681938241884523799.mp4,@aspectuk,1967,4,2026-09-05,720x1280,15,https://www.tiktok.com/@aspectuk/video/7681938241884523799,"Side sleeper? Your knees deserve better comfort. This ergonomic memory foam knee pillow is designed to sit comfortably between your legs, with a secure elastic strap to help keep it in place while you sleep. Soft, breathable and easy to clean. limited-time offer - tap the yellow basket to shop! #weeklydeals #payday #SleepHacks #KneePillow #BackPainRelief #SideSleeping #ErgonomicLiving #TikTokShopUK #SideSleeper #SleepComfort #MemoryFoam #HomeFinds #TikTokMadeMeBuyIt"
anwendung-ugc,tiktok__barsha_sapkota__7662131265809829133.mp4,@barsha_sapkota,1172,18,2026-07-13,1080x1920,34,https://www.tiktok.com/@barsha_sapkota/video/7662131265809829133,#kneecushion#kneepilow#orthopedics#geeco# 
anwendung-ugc,tiktok__dancepronewry__7690517887144037654.mp4,@dancepronewry,1042,1,2026-09-28,1080x1920,26,https://www.tiktok.com/@dancepronewry/video/7690517887144037654,"If you sleep on your side and struggle to keep a pillow comfortably between your knees, this could be worth trying. Memory foam, contoured support and an adjustable strap to help stop it moving around. 🛏️ #KneePillow #SideSleeper #SleepEssentials #TikTokShopFinds #tiktokmademebuylt "
anwendung-ugc,tiktok__jessiegeeco__7641848224826838303.mp4,@jessiegeeco,710,5,2026-05-20,1080x1920,22,https://www.tiktok.com/@jessiegeeco/video/7641848224826838303,Leg pillow = best sleep of your life😍😘#legpillow #comfortsleep #sleepbetter #SummerVibers #TikTokShopDealsforYouDays 
anwendung-ugc,tiktok__bcpowder34__7634689317117512974.mp4,@bcpowder34,704,2,2026-04-30,1080x1920,30,https://www.tiktok.com/@bcpowder34/video/7634689317117512974,Side Sleeping Memory Foam Knee Pillow  #pillow #sidesleeper #mothersday #mothersdaygiftideas #giftguide 
anwendung-ugc,tiktok__sharks.chiong__7646751585896336654.mp4,@sharks.chiong,688,2,2026-06-02,720x1280,27,https://www.tiktok.com/@sharks.chiong/video/7646751585896336654,This compact knee pillow helps soothe your knees while you lie down—perfect for the whole family! #PracticalGoods #KneeSupport #HealthySleep #Relaxation #HomeEssentials
anwendung-ugc,tiktok__bcpowder34__7634651273270201614.mp4,@bcpowder34,432,4,2026-04-30,1080x1920,31,https://www.tiktok.com/@bcpowder34/video/7634651273270201614,Ergonomic Side Sleeping Memory Foam Knee Pillow with Strap for Side Sleepers #mothersday #pillow #pillows #sleep #tiktokshop 
anwendung-ugc,tiktok__loustoppicks__7693529230218546435.mp4,@loustoppicks,176,1,2026-10-06,1080x1920,16,https://www.tiktok.com/@loustoppicks/video/7693529230218546435,Ergonomic knee side sleeping mini pillow support . #tiktokmademebuyit #tiktokshop #ttshop #pillow #sidesleeper 
anwendung-ugc,tiktok__fannyjiang13__7543950445711035662.mp4,@fannyjiang13,26,0,2025-08-29,1280x720,25,https://www.tiktok.com/@fannyjiang13/video/7543950445711035662,"Multi-functional knee pillow, relieving knee joint pressure #memoryfoampillow #memoryfoam #pillow"
de-werbung,tiktok__virely.kniekissen__7555171976591969558.mp4,@virely.kniekissen,2395,6,2025-09-28,1080x1920,17,https://www.tiktok.com/@virely.kniekissen/video/7555171976591969558,Das beste Kissen für Seitenschläfer ohne Hüft- oder Knieschmerzen. Spare 50% Rabatt bei Virely.de 🛍️#knieschmerzen #rückenschmerzen #schmerzen #schlafen #kissen 
de-werbung,tiktok__virely.kniekissen__7556697163238067478.mp4,@virely.kniekissen,1381,17,2025-10-02,1080x1920,25,https://www.tiktok.com/@virely.kniekissen/video/7556697163238067478,Jeder Seitenschläfer brauch ein Kniekissen für bessere Stabilität. Bei Virely.de bestellen 🛍️ #schmerzen #schlafen #schlafprobleme #knie #müde 
nourial-design,tiktok__mumof3boysttsfinds__7690559353530731798.mp4,@mumof3boysttsfinds,2240,3,2026-09-28,1080x1920,16,https://www.tiktok.com/@mumof3boysttsfinds/video/7690559353530731798,This ergonomic memory foam knee pillow is the secret to a good nights sleep! ERGONOMIC KNEE PILLOW SLEEP MEMORY FOAM SIDE SLEEPER BACK FRONT COMFORTABLE SALE DEAL DROPS #memoryfoam #kneepillow #comfortable #pillow #sleephack 
nourial-design,tiktok__lewharbour__7672311679748705568.mp4,@lewharbour,1585,1,2026-08-10,576x1024,11,https://www.tiktok.com/@lewharbour/video/7672311679748705568,Sleep better with this comfy memory foam knee pillow! Tags: #kneepillow #sleepbetter #painrelief #homehacks #cozy 
nourial-design,tiktok__englishgreekmum__7679509775352204566.mp4,@englishgreekmum,1511,3,2026-08-30,1080x1920,55,https://www.tiktok.com/@englishgreekmum/video/7679509775352204566,Side sleeper? Have to have a pillow between your knees? This looks and feels amazing. Great for knee pain too  #sidesleeper #sidesleeper #kneepain 
nourial-design,tiktok__tinaherbert2__7690703451772177686.mp4,@tinaherbert2,953,1,2026-09-28,1080x1920,17,https://www.tiktok.com/@tinaherbert2/video/7690703451772177686,Ergonomic side sleeping knee support pillow. Great quality. Linked below. price. #KneePillows #SideSleeper #MemoryFoamPillow #SleepEssentials #ForYouDays
nourial-design,tiktok__welshaimee1__7693580430351551766.mp4,@welshaimee1,110,1,2026-10-06,720x1280,33,https://www.tiktok.com/@welshaimee1/video/7693580430351551766,Sleep comfortably and wake up feeling supported 😴💤 This ergonomic memory foam knee pillow keeps your legs comfortably aligned while you sleep. ✨ #KneePillow #SleepComfort #SideSleeper #foryoudays #tiktokmademebuyit 
produkt-closeup,tiktok__fordy_r__7531131738219629838.mp4,@fordy_r,13500,27,2025-07-25,720x1280,32,https://www.tiktok.com/@fordy_r/video/7531131738219629838,Check out this awesome knee pillow that is available in the TikTok shop! #Bedroom #Sleep #Sleeping #Pillow #Knee #Kneepain #Knees 
produkt-closeup,tiktok__seabreezemarie__7646099444944866590.mp4,@seabreezemarie,3626,16,2026-05-31,1080x1920,20,https://www.tiktok.com/@seabreezemarie/video/7646099444944866590,"Finally a knee pillow that stays! If you move a lot in your sleep but need the support, try this! #kneepillow #kneesupport #sidesleeper "
produkt-closeup,tiktok__funmumshops__7681348693919927574.mp4,@funmumshops,1858,7,2026-09-03,1080x1920,7,https://www.tiktok.com/@funmumshops/video/7681348693919927574,Perfect if your have knee or hip issues helps support your posture or even if you don't like your legs touching it's super comfy and supportive 💯 #kneepillow #memoryfoampillow #pillow #kneesupport #fyp
produkt-closeup,tiktok__kisermullinsfamily__7635785724830272798.mp4,@kisermullinsfamily,1428,9,2026-05-03,1080x1920,27,https://www.tiktok.com/@kisermullinsfamily/video/7635785724830272798,#kneepillowforsleeping
produkt-closeup,tiktok__fordy_r__7573825882758876430.mp4,@fordy_r,1166,4,2025-11-17,720x1280,28,https://www.tiktok.com/@fordy_r/video/7573825882758876430,Check out this awesome knee pillow that is available in the TikTok shop! #Pillow #KneePillow #Sleep #Sleeping #Bedroom
produkt-closeup,tiktok__natz_2025__7691825660125400342.mp4,@natz_2025,949,14,2026-10-02,1080x1920,17,https://www.tiktok.com/@natz_2025/video/7691825660125400342,Memory Foam Knee Pillow 🙌 50% Off Today 🏃‍♀️🏃‍♂️ #kneepillow #tiktokmademebuyit #foryoudays #memoryfoam #fyp 
produkt-closeup,tiktok__fordy_r__7575651148212882743.mp4,@fordy_r,773,7,2025-11-22,1080x1920,32,https://www.tiktok.com/@fordy_r/video/7575651148212882743,Check out this awesome knee pillow that is available in the TikTok shop! #Bedroom #Sleep #Sleeping #Pillow #Kneepain 
produkt-closeup,tiktok__elevetesupport__7621267487551753494.mp4,@elevetesupport,733,2,2026-03-25,576x1024,12,https://www.tiktok.com/@elevetesupport/video/7621267487551753494,Elevates Memory foam knee support cushion 😌👀 #knee #sleep #tired #support #memoryfoam 
produkt-closeup,tiktok__beybetter__7123248461427838254.mp4,@beybetter,704,8,2022-07-22,1024x576,41,https://www.tiktok.com/@beybetter/video/7123248461427838254,the memory foam leg pillow can reduce your pressure.#foryou #fyp #tiktok
produkt-closeup,tiktok__drsunshine01__7686617860638002454.mp4,@drsunshine01,673,3,2026-09-17,1080x1920,36,https://www.tiktok.com/@drsunshine01/video/7686617860638002454,Knee pillow. Memory foam for the knees #kneesupport #kneepillow #tiktokmademebuylt #memoryfoam 
produkt-closeup,tiktok__manjubastola16__7663662059711728926.mp4,@manjubastola16,619,9,2026-07-18,720x1280,15,https://www.tiktok.com/@manjubastola16/video/7663662059711728926,GEECO Orthopedic Soft Memory Foam Knee Positioner Cushion for Side Sleepers. #geecoorthopedicsoftmemoryfoamkneepositionercushion #geecosoftmemoryfiamkneepositioner #softmemoryfoamforknee #kneememoryfoam #softkneefoam 
produkt-closeup,tiktok__fordhamr__7531452918784969998.mp4,@fordhamr,477,3,2025-07-26,1080x1920,31,https://www.tiktok.com/@fordhamr/video/7531452918784969998,Check out this awesome knee pillow that is available in the TikTok shop! #Bedroom #Sleep #Sleeping #Pillow #Knee #Kneepain #Knees 
produkt-closeup,tiktok__spags.21__7653128542401645837.mp4,@spags.21,402,0,2026-06-19,1080x1920,23,https://www.tiktok.com/@spags.21/video/7653128542401645837,Just get one of these knee pillows !! You will thank me later #tiktokdealsforyoudays #tiktoksummersale #dealsforyoudays #summerdeals #pillow 
produkt-closeup,tiktok__ellacreativity__7531984970466823454.mp4,@ellacreativity,337,1,2025-07-28,1080x1920,12,https://www.tiktok.com/@ellacreativity/video/7531984970466823454,Pain relief Leg Pillow for you!#foryourpage #leg #legpillow#crisgopillow#Sleep 
produkt-closeup,tiktok__comasif.com__7398441817122852127.mp4,@comasif.com,324,5,2024-08-02,1080x1920,17,https://www.tiktok.com/@comasif.com/video/7398441817122852127,Knee&leg pillow #foryou #legpillow #kneepain #kneepillow #fypage 
produkt-closeup,tiktok__fordhamr__7573775779226471735.mp4,@fordhamr,143,1,2025-11-17,720x1280,30,https://www.tiktok.com/@fordhamr/video/7573775779226471735,Check out this awesome knee pillow that is available in the TikTok shop! #Bed #Sleep #Sleeping #BedroomEssentials #HomeEssentials 
produkt-closeup,tiktok__user3848453004830__7624376540796587277.mp4,@user3848453004830,116,1,2026-04-03,1080x1920,13,https://www.tiktok.com/@user3848453004830/video/7624376540796587277,"The moment I slipped it on, the leg pain I’d been dealing with for years finally found relief—what a relief! Thank you 🙏 Amen~ #LegPillow #KneePillow #LegCushion #SleepTips #HealthAndWellness"
